sales,black,spanishsp,inc0_10,inc10_14,inc14_20,inc20_30,inc30_50,inc50_100,inc100Plus,medianInc,medianRent,medianHome,owners,nocars,car1,tvs,washers,dryers,dishw,aircond,freezer,secHome,sch0_8,sch9_11,sch12,sch12Plus,population,familySize,sellingSqrft,percentHardGoods,comType.2,comType.3,comType.5,comType.1,comType.4,comType.7,comType.6
16890,9.6,0.9,7.1,6.6,8,30.4,37.6,10.3,0,24076,300,73714,51.6,15.2,35.6,88.8,66.4,14.4,32.8,26.6,14,2.1,21,14.5,29.3,35.2,530559,4,97.6,59.8,1,0,0,0,0,0,0
8993,0.7,0.6,8.7,5.2,18.6,34.5,33,0,0,17260,228,47508,95,4.9,45.6,100,88.4,54.2,34.4,25.4,17.4,2.7,15.5,16.4,40,28.1,100015,5.2,95.2,43.6,0,1,0,0,0,0,0
8337,1.8,1.1,6.5,4,14.3,36.1,28.2,6.8,4.099999999999994,20110,324,66072,85.8,3.8,41.1,82.9,86.6,81.4,41.4,40.3,28,4.2,18.2,21,51.9,8.900000000000006,274946,4,97.9,37.5,0,0,1,0,0,0,0
22551,1.7,1.1,11.2,9.3,23.2,21.2,13.4,5.3,16.4,26076,132,65164,10.4,49.7,40.5,98.8,48.4,8.9,8.6,29.8,5,1.3,25.4,19.4,19.6,35.6,486446,2.7,89.2,42.4,0,0,0,1,0,0,0
22947,18.5,7.3,25.3,8.8,13.2,29.1,23.6,0,0,14220,194,72258,17,48.9,35.3,100,36.9,9.4,9.7,32.2,8.6,1.8,35.3,25.7,30.2,8.8,1483733,2.8,109.2,67.3,0,0,0,1,0,0,0
9079,4.5,0.2,6.1,3.8,10.6,27.8,27.6,18.8,5.3,23424,232,53036,71.7,3.6,35.2,83.2,91,68,43.1,63.6,30.3,4.2,16.3,14.8,37.5,31.4,205013,4.4,117.6,51.8,0,1,0,0,0,0,0
9936,10.9,0.4,8.4,7.9,6.2,38.6,18.2,4.5,16.2,24976,202,59478,61.1,10.3,38.1,100,68.2,27.4,25.6,48.2,11.9,1.8,29.4,16.5,38.4,15.7,200007,3.7,140.6,71.8,0,1,0,0,0,0,0
17394,17.7,2.2,18.9,8.7,19.7,29.6,23.1,0,0,25214,210,35306,19.1,31.9,29.8,95.7,57.6,25.9,18.7,43,14.2,4.3,29.3,17,27.6,26.1,835698,3.4,175.3,45.1,1,0,0,0,0,0,0
11324,4.6,1.5,12.3,6.9,18.6,38.1,24.1,0,0,20362,282,26544,25.9,45.8,52.1,93.8,27.6,10.4,15.7,63.2,6.4,2.3,27,17.3,41.6,14.1,638775,3.4,119.2,35.4,0,0,0,0,1,0,0
12501,5.8,0.4,6.7,4.2,8.3,26.8,28.3,12.1,13.6,36288,336,89944,50.1,10.6,38.6,89.9,65.5,25.8,53,57.4,17,2.7,19.6,15.5,20.7,44.2,415263,4,59.3,65.2,1,0,0,0,0,0,0
11633,1.1,1,7.6,3.3,11.3,29.4,40.8,6.2,1.4000000000000057,24554,368,70520,100,0,43.1,80.2,86.3,82.2,51.1,41.9,30.3,3.2,17.2,15.4,40.9,26.5,208502,4.6,129.4,50.4,0,0,1,0,0,0,0
7204,2.1,0.4,7.5,5.5,12.2,31.2,36.6,7,0,34334,246,59522,95.1,4.9,33.3,92.9,79,59.7,62.8,46.4,27.2,4.7,10.9,14.6,38.3,36.2,205874,4.9,69.1,72.1,0,1,0,0,0,0,0
6616,2.6,0.7,5.8,5.2,5,25.3,22.7,17.7,18.3,21126,262,91938,92,2.7,35.6,93.9,97.9,76.8,41.9,35.3,33.6,4.2,10.1,10,28.2,51.7,168009,4.2,89,46.9,0,1,0,0,0,0,0
12917,7.6,0.9,8.5,5.7,9.4,21.9,21.7,11.4,21.4,31336,254,93662,43.5,9.1,54,83.6,100,62.9,45,42.1,18.3,1.2,18.3,18.1,27.8,35.8,200028,4.1,73.2,68.4,0,1,0,0,0,0,0
12639,10.5,0.4,8.1,5.9,14,42.1,26.7,3.2,0,39408,246,75152,68,4.6,36,81.1,66,50.7,13.9,50.3,21.3,2.2,19.7,16.3,28,36,135877,3.5,81,57.9,0,0,1,0,0,0,0
8083,7.2,0.4,4.6,5.4,11.4,27.2,32.2,13,6.2,35678,276,52884,95.1,4.9,46.9,90.1,85.3,62.3,44.7,76.1,22.3,4.6,16.8,21.8,45.7,15.7,382104,2.9,70.2,49.1,0,0,0,0,0,1,0
23184,1.3,1.4,11.5,10.1,18.9,23.8,17.1,4,14.6,17938,182,52568,10.5,35.5,32.9,61.6,35.6,9.2,7.6,30.3,6,2.4,28.7,18.9,28.4,24,521889,3.2,130.1,59.8,0,0,0,1,0,0,0
6595,26.6,1.4,12.5,8.1,17.9,22,28.9,8.3,2.3,20684,198,56678,74.4,20.5,56.6,84.4,52,24.7,26.4,44.8,17.8,1.8,26,17.4,34.5,22.1,384879,4.5,123.7,73.3,0,0,1,0,0,0,0
13505,6.3,1.5,12.6,5.1,21.7,33.9,23.2,3.5,0,19408,256,72018,56.8,16.3,40,96.7,53.7,35.6,16.9,46,11.4,2.3,18.7,18,34.6,28.7,434142,3.7,124.7,73.5,0,1,0,0,0,0,0
17037,16.4,0.9,6.4,6.5,14.6,32.1,22.1,10.9,7.3999999999999915,35196,286,53786,59.3,10.8,59.7,86.2,52.8,24.2,34.9,30.2,15.9,2.7,25.5,16.7,33.6,24.2,580604,4.1,153.8,58.9,1,0,0,0,0,0,0
9621,6.1,0.3,8,5.4,17.1,36.1,18.7,6.2,8.5,22548,220,48696,74.3,6.2,47.7,94.4,67.3,47.4,34.8,38.5,24.6,1.3,13.4,26,41.4,19.2,372004,2.7,75.1,39.5,0,0,0,0,0,0,1
7966,5.2,0.4,9.5,4.9,9.7,28.7,38.5,6.6,2.1000000000000085,25674,384,50356,86,6.8,36,100,78.8,48.4,24.2,23.8,26.8,1.9,15.1,18.1,44.4,22.4,358044,3.6,100.8,65.2,0,0,0,0,0,0,1
16794,26.2,0.9,8.5,9.6,20.3,36,25.6,0,0,28024,278,41714,58.2,26.4,38,100,55.7,33.5,9.8,35.8,14.4,5.2,24.4,19.9,41.1,14.6,822535,3.3,93.6,65.6,0,0,0,0,0,0,1
7862,8.7,0.9,5.9,6.5,7.4,35.3,42.2,2.7,0,33170,268,86742,54.9,8.2,42.1,92.1,75.3,66.5,34,33.8,20.6,2.2,14.6,12.9,33.1,39.4,175952,2.8,109,61.8,0,1,0,0,0,0,0
8256,5.6,0.4,8,4.9,10,34.3,21.1,6.7,15,22494,296,56288,85.2,8.5,31.7,73.6,67.4,53.3,27.4,26.9,20.7,1.6,20.9,11.7,46.8,20.6,220577,4.9,77.2,56,0,0,0,0,0,0,1
8298,3.7,0.4,5,2.4,14,42.4,36.2,0,0,32084,290,57456,82.6,4.9,38.4,81.8,89.5,56.8,63.6,42.5,39.7,3,13.3,18.1,39.9,28.7,198301,3.9,118.9,54.8,0,1,0,0,0,0,0
22672,29.5,10.1,28.5,13.5,15.6,24.1,15.4,1.8,1.0999999999999943,17970,176,50804,8.5,64.7,34.9,80.9,32.3,5.1,3.1,14.4,4.9,1.6,36.2,18.2,25.8,19.8,715002,3.3,102.2,46.5,0,0,0,1,0,0,0
7987,2.1,0.5,5,3.5,7.5,23.2,28.5,13.1,19.2,35302,404,52182,98.8,1.2,30.1,99.7,70.5,81.3,68.4,50,32.8,7,13.9,11.2,31.7,43.2,184008,3.5,66.1,36.9,0,1,0,0,0,0,0
7982,4.3,0.3,9,4.6,14.4,24.4,46.3,1.3000000000000114,0,19346,340,73528,98.4,1.6,42.8,90.6,76.8,46.8,43,44.7,30.5,5.9,23,15,35.8,26.2,422607,2.8,67.6,85,0,0,0,0,0,1,0
13832,3.4,1.1,15.2,8.2,16.9,31.4,28.3,0,0,23748,310,36288,19.9,42.1,45.6,93.8,36.1,11.8,14.7,45.4,7.3,2.8,22.5,17.5,41.8,18.2,803466,3.5,114.7,88.2,0,0,0,0,1,0,0
6993,0.6,0.5,10.2,6.9,15.4,35.5,32,0,0,30736,334,54218,79,4.7,41.6,100,70.5,73.3,55.5,34.1,18.3,3.3,20.8,17.6,28.5,33.1,186949,4.7,97.2,43.2,0,1,0,0,0,0,0
11491,8.2,0.9,6,4.5,9.9,27.1,29,9.6,13.9,31044,404,65216,83.1,10.7,48.7,100,83,59.3,30,42.2,22.5,2,25.5,10.2,23.8,40.5,166307,3.2,106.9,52.9,0,1,0,0,0,0,0
9133,28.3,0.8,11.7,5.7,11.2,32.1,30.9,5.8,2.6000000000000085,27966,262,54346,61.6,21.5,40,100,65.8,35.5,25.1,44.7,18.4,2,17.9,18.3,50.6,13.2,401731,4,91.4,73.7,0,0,1,0,0,0,0
7212,6,4.1,16.5,8.9,13.6,27.6,27.9,5.5,0,24894,138,63918,57,25.7,41.6,89.5,64.7,42.7,25,46.1,14.4,3.7,24,14.9,19,42.1,182950,3,109.9,54.1,0,1,0,0,0,0,0
12775,4.5,1.3,12.8,7.3,15.8,31.7,31.8,0.5999999999999943,0,29780,296,53042,24.6,47.4,52.1,100,25.9,12.9,13.8,26.4,6.7,2.3,21.1,19.1,32.5,27.3,488108,3.4,115.5,34.7,0,0,0,0,1,0,0
7162,3.5,0.3,5.6,3.3,9.3,22.1,39.9,12.5,7.300000000000011,37970,294,74130,93.2,3.5,44,95.4,69.3,48.1,46.4,59.5,30.1,6.1,18.4,12.3,44.6,24.7,253959,4.8,121,54.2,0,1,0,0,0,0,0
9652,2,1.1,6.2,3.6,12.1,35.9,41.1,1.0999999999999943,0,31112,266,87132,94.1,2.9,28.5,72.3,73.7,71.2,67.9,43.8,23,4,12.5,14.5,36.4,36.6,272296,4,104.5,42.7,0,0,1,0,0,0,0
8880,5.5,0.3,5.8,6.7,7.6,29.8,31.2,11.3,7.599999999999994,22368,374,56384,64.1,10,40,91.4,100,61.4,32.3,48.1,22.2,6.7,24.3,19.3,31.5,24.9,504225,3.9,105.9,64.2,0,0,0,0,0,1,0
17323,6,1.7,10.6,6.8,25.2,42.9,14.5,0,0,26730,218,46798,50.5,10.7,61.2,83.3,41.4,24.2,12.7,38.8,10.2,0.9,25.4,16.1,32.6,25.9,366475,3.5,154.3,57.2,0,1,0,0,0,0,0
8174,7.1,0.6,7.4,6.1,18.9,35.8,12.1,9.9,9.800000000000011,30100,366,78394,88,9.9,47.1,93.8,50.7,35.9,34.9,75.2,20.5,4.2,23.9,18.6,26.8,30.7,393995,1.8,104.9,57.4,0,0,0,0,1,0,0
14073,5,1,10.2,9.5,17.9,30.2,26.8,5.400000000000006,0,24592,238,49990,15.3,52.2,46.7,100,36.1,15.6,16.3,38.7,6.5,2.2,26.3,13.2,28.6,31.9,749597,3.4,116.6,63.7,0,0,0,0,1,0,0
5059,2.2,0.7,6.3,4.6,15.6,20.7,35.8,9.1,7.900000000000006,26356,320,58184,100,0,37.9,100,60.4,54.7,50.7,46.6,27,5.5,12.6,14.9,41.3,31.2,156169,3.5,69.7,59.3,0,1,0,0,0,0,0
12786,6.7,1.1,8.6,4.8,7.3,29.7,35.9,9.5,4.2,24056,392,37536,78.7,7.3,43.5,100,75.3,38.3,40.1,26,23.3,1.9,22.3,13.9,34.4,29.4,149545,3.3,78.5,64.7,0,1,0,0,0,0,0
21514,1.9,0.9,23.2,11,21.4,34.7,9.699999999999989,0,0,16776,178,44988,11.4,47.1,37.8,92.6,29.8,5.5,6.7,41.3,7.3,1.8,31.5,20.5,27,21,560080,3.6,108.4,57.4,0,0,0,1,0,0,0
9778,6.1,1.2,11,9.2,19.4,35.9,23.5,1,0,21516,270,59520,68.6,23.1,45,100,90.2,36.2,12.8,31.7,11.5,1.4,40.5,31.5,28,0,254173,2.8,111.4,67,0,1,0,0,0,0,0
26472,13.3,12.1,12.8,7.3,17.1,22,21.3,6.5,13,25258,130,73922,18.4,47.7,47.8,100,31,7.6,15.9,33.7,6.9,1.6,23.5,22.7,33.4,20.4,1165182,3.8,67.5,47.2,0,0,0,1,0,0,0
3700,7,3.4,14.8,6.2,19.2,42.1,17.7,0,0,32618,232,72132,74.2,19.7,28.7,100,62.8,42.7,24.4,58.6,13.6,4.1,20,9.6,31.2,39.2,207905,3.2,134.2,60.7,0,1,0,0,0,0,0
30634,17.7,6.9,16.4,15.3,18.5,27,22.8,0,0,21312,222,45102,13.3,27.5,34.5,77.1,40.2,13.6,13.4,31.7,8.1,2.2,20.8,13.1,38.7,27.4,1166916,1.6,97.2,41.9,0,0,0,1,0,0,0
12141,9.7,2.5,10.8,10.6,16.9,23,30,8.7,0,21580,260,58088,34.7,27.1,43.2,84.6,60.7,17.8,21.8,35.8,9.7,4.3,25.4,23.8,39.5,11.3,398149,3.8,80.6,56.2,1,0,0,0,0,0,0
6637,11.2,1.1,8.6,8.6,17.5,36.8,25.4,3.0999999999999943,0,24918,182,33254,72.2,13,36.5,92.5,51.5,47.3,26.1,38.9,13.8,2.2,36.2,19.5,30.5,13.8,168000,3.4,63.5,77,0,0,0,0,0,1,0
7913,8,0.9,7.2,5.4,10.4,24.4,24.7,8.2,19.7,31716,242,77022,67.2,8.7,33.4,100,55.1,38.7,45.6,51.9,22.9,2.5,18.4,16.7,31.9,33,135080,3.3,97.5,45.7,0,1,0,0,0,0,0
12430,10.6,0.3,8.4,3.8,9,36.2,26.8,11.1,4.7,31202,260,68386,52.3,9.4,55.2,91.1,61.6,51.5,23.6,49.5,17.4,3.3,20.5,13.3,31.4,34.8,233123,3.5,92,51.7,0,0,1,0,0,0,0
14486,6.4,1.2,9,6.6,12.3,31.8,27.8,11.6,0.9000000000000057,27902,298,65810,44.8,9.5,42.1,72.6,65.7,48.6,36,33.4,24.9,1.7,24.6,14.7,28.2,32.5,159608,5,37.5,53.5,0,1,0,0,0,0,0
9140,24.4,0.8,10,5,17.9,27.6,30.1,4.6,4.800000000000011,32162,350,55838,53.3,16.1,45,88.1,66.7,26,22.4,49.3,17.7,3.9,31.4,15.5,32.6,20.5,786788,3.1,88,64.6,0,0,0,0,0,0,1
8071,8.7,0.8,6.6,6.1,14.7,30.4,23.2,9.9,9.099999999999994,23168,252,46456,62,8.1,66.6,74.5,76.8,32.9,31.7,55.7,20.9,4.4,24.4,22,40.6,13,571135,3.9,118.8,47.8,0,0,0,0,1,0,0
9719,1.9,0.8,6.2,3,15.8,32.3,31.7,8.2,2.8,28096,216,65304,95,3,31,90.1,87.8,54.9,61.1,44.2,33.3,4.2,12.4,21,40.1,26.5,162069,6,118.7,43,0,0,1,0,0,0,0
7869,3.5,1.2,9.5,7,19.7,27.9,20.7,6.7,8.5,27998,262,63268,18.7,41.3,42.8,99.7,49.9,12.1,12.6,48.4,7.2,2.2,29,14.9,30.4,25.7,581276,2.3,102.7,58.5,0,0,0,0,1,0,0
16375,16.2,1.9,12.7,8.2,17.4,29.5,16.9,11.2,4.1000000000000085,23294,200,62464,36.6,17.6,42.4,100,52.4,35.6,33.6,47.6,10.5,8.1,26,17,23.8,33.2,626407,4,158.3,39,1,0,0,0,0,0,0
15610,12.6,0.8,9.1,7.4,10.9,32.8,28.9,10.9,0,24908,332,57642,42.8,21.6,50.7,100,56.4,36,28.5,30.3,12.6,2.2,24.7,22.3,28.2,24.8,1080040,3.2,163.5,58,1,0,0,0,0,0,0
3822,5,2.3,8.7,5.5,24.1,43.4,18.3,0,0,26286,360,29282,61.5,5.4,39.6,65.9,63.5,51,29.4,24.4,21.4,1.3,24.6,15.7,36.1,23.6,283474,4.5,58.8,45.7,0,0,0,0,0,1,0
11934,7.6,1.9,11.9,10.7,17.2,23.4,23.7,8.3,4.800000000000011,31294,208,38914,22,19.4,42.6,97.8,55.5,38.1,24.4,30.5,9,4.2,23.7,13.8,32.3,30.2,525104,3.5,102.1,37.6,1,0,0,0,0,0,0
20937,1.2,1.1,18.4,11.7,14,24.9,21.5,4.5,5,18704,178,43768,8.6,42.1,50.8,62,42.9,10.6,8.3,22.5,6.9,1.8,33.8,16.5,19.7,30,889881,3.4,111.1,52.3,0,0,0,1,0,0,0
10956,8.5,1.1,12.7,7.7,18,35.9,25.7,0,0,17104,318,49606,56.7,13.3,16.6,73.4,100,39.1,23.8,53.1,18.6,2.3,16.2,19.1,33.4,31.3,185615,4.4,79,55.9,0,0,0,0,0,1,0
23244,20.3,12.9,27.1,13.2,23.2,26.1,10.4,0,0,14290,114,58824,9.8,41.5,36.2,89.8,35.9,3.6,3.2,19.1,3.8,1.7,51.8,24.6,23.6,0,771503,2.8,131,47.3,0,0,0,1,0,0,0
4271,6.3,3.2,9.8,6.7,15.9,42,25.6,0,0,26056,272,48556,99.2,0.7999999999999972,48.3,62.2,83.8,53.4,25.3,18.4,27.1,1.1,14.9,22.5,35.7,26.9,242488,1.4,38.1,50.7,0,0,0,0,0,1,0
7412,7.3,0.7,10.4,4.1,15.9,25.3,28.8,5.9,9.599999999999994,29202,236,48522,56.1,9.7,32,92.3,55.2,36.6,26.9,43.3,19.5,2.8,28,17.1,26,28.9,137844,4.2,50.6,58.8,0,0,0,0,0,1,0
9932,8.6,0.8,6.8,6.3,7.9,32.2,32.4,9.8,4.6000000000000085,36228,336,58592,93.2,6.8,34.7,93.2,56.8,42.7,46.2,42.2,21.9,2.4,18.1,20.5,35.5,25.9,205410,3.6,74.3,61.1,0,1,0,0,0,0,0
15634,0.6,1.2,12.5,6.8,16.2,25.8,18.5,3.1,17.1,23690,170,57240,11.7,51.2,40.1,100,46.8,7.6,7.7,38.8,5.2,2.2,49.3,20.3,30.4,0,560054,3.1,117.4,54.7,0,0,0,1,0,0,0
8638,5,0.5,7.2,5.4,8.6,28.5,34.9,9.4,6,24516,374,75978,95,5,50,98.1,67.1,57.2,43.2,66.8,26.1,4.2,19.9,20.2,40.4,19.5,387560,3.9,52.4,46.3,0,0,0,0,0,1,0
27317,24.1,26.7,18.3,16.1,21.7,30.8,13.1,0,0,13426,110,40486,6.3,50.3,36.1,98.1,29.6,4,2.4,16.3,3.9,1.4,55.5,14.9,26.9,2.6999999999999886,741394,2.8,174.7,44.6,0,0,0,1,0,0,0
9169,7.4,0.6,7,5.5,10.7,36.2,29.3,8.7,2.5999999999999943,27200,230,74000,65.8,10.8,26.5,100,46.1,49,29.4,73.7,18.8,4.1,22,26.8,25.7,25.5,676978,4,103.8,53.6,0,0,0,0,1,0,0
8822,9.9,1.1,10.9,6.6,16.5,27.9,28.9,5.7,3.5,26810,258,60106,70.2,8.7,46.7,100,63,43.8,23.9,25.1,22.3,2.7,22.2,27.1,37.9,12.8,152838,2.6,80.1,53.2,0,0,0,0,0,1,0
9582,6.5,0.8,8.2,5.4,13.6,31.1,26.1,6.6,9,28636,282,69324,60.3,11.2,30.3,100,65.1,43.5,36.3,33.7,25.1,2.2,13.6,18,36.3,32.1,145532,4,76.2,71.1,0,1,0,0,0,0,0
8192,10.9,0.7,10.3,6.1,17.9,40.6,23.5,1.5999999999999943,0,21884,222,46528,79,13.5,41.3,75.2,68.1,44.6,23.6,28.6,16.8,1.9,29,13.1,22.2,35.7,193051,3.7,72,31.9,0,0,0,0,0,1,0
12209,5.7,1.4,10.9,8.5,21.6,34.1,24.9,0,0,30158,336,37032,17,37.9,45.7,79.4,46.1,3,22.2,45.9,7.2,2.8,22.3,17.3,32,28.4,595049,3.9,90,33.3,0,0,0,0,1,0,0
10318,4.4,0.6,5.7,6.4,11.9,43.4,32.6,0,0,22662,352,37518,100,0,49.6,100,72,52.8,11.6,34.6,23.2,1.8,12.3,14.2,39.1,34.4,269983,4.8,76.7,55.8,0,0,0,0,0,0,1
6905,2.7,0.3,4.2,3.2,10.5,24.7,42,14.2,1.2,29368,316,66074,59.2,2.1,27.9,62.2,84.2,71.9,48.7,62.6,22.7,2.9,11.1,15.7,33.2,40,223584,3.8,110.1,39.9,0,1,0,0,0,0,0
4541,6.7,3.1,6.7,8.3,15.7,39.1,19.2,4.5,6.5,22030,326,47542,56.9,8.1,52.9,90.8,74.2,48.6,27.3,14.8,25.3,1.1,17.4,26.4,31.9,24.3,200378,3.4,42.4,52.4,0,0,0,0,0,1,0
16800,7,0.8,9.5,7.1,14.8,24.5,25.7,7.3,11.1,15246,220,53756,49.6,16.8,47.2,100,76.6,29.7,13.5,38.8,16.7,2.3,17.5,25.1,32.3,25.1,404592,4.2,107.5,69.9,0,1,0,0,0,0,0
10260,4.7,0.4,6,4.6,23.4,38.5,27.5,0,0,24574,368,43498,86.2,7,41.5,100,75.9,58.3,39,43.2,19.2,1.8,15.5,16.2,53,15.3,198026,3,91.8,33.9,0,0,0,0,0,0,1
7220,2.8,0.6,6,4.4,9.7,17.6,40.2,14,8.099999999999994,33330,232,62176,83.4,5.1,46.7,100,100,72.3,58.8,28.8,35.2,3.9,19.1,13.3,22.1,45.5,153414,4.1,100.7,55.5,0,1,0,0,0,0,0
13160,7.1,1.4,11.4,11.3,6,32.2,20.8,7.7,10.6,16726,236,64472,16.7,39.6,42.9,77.3,44.1,14.7,17.2,35.9,7.7,2.6,23.1,14.3,28.6,34,629577,2.4,116.9,34.4,0,0,0,0,1,0,0
13101,9,0.3,7.6,5.9,17.2,37,29.8,2.5,0,32208,284,71698,97.7,2.3,40.9,93.4,70.1,42.3,36.5,48.7,18.8,3.2,17.1,16.9,36.8,29.2,248815,3.8,94,57.1,0,0,1,0,0,0,0
5646,1.6,1,5.1,5.2,9.9,26.1,39.7,7.2,6.8,28650,372,71892,80.3,4,39.4,100,67,77.9,60.8,28.8,31.6,3.8,15.2,17.6,43.9,23.3,227330,4.7,84.5,65.8,0,0,1,0,0,0,0
5959,3.3,0.6,7.5,3.9,11.1,31.9,38.4,7.2,0,29544,336,83362,96.3,3.7,40.5,100,92.4,79.9,45.8,37.7,24.8,6.9,15.1,10.7,31.9,42.3,180703,3.5,95.2,69.8,0,1,0,0,0,0,0
9454,0.4,0.9,7.2,1.9,14.4,37.1,36.9,2.5,0,37182,338,58046,71.9,4.4,27.1,100,89.8,77.7,36.4,26.6,20.7,2.7,12.6,23,51,13.4,204171,3.3,91.9,44.4,0,1,0,0,0,0,0
9364,8.9,0.6,6.5,6.4,12.6,22.6,33,10.8,8.100000000000009,29900,378,51072,65.8,10.9,50.6,100,90.7,40.3,30.8,42.7,22.1,5,14.9,19.9,37.3,27.9,481072,3.5,96.7,46.1,0,0,0,0,1,0,0
9691,2.3,0.7,5.9,5,10.8,25.8,44.6,7.900000000000006,0,25104,290,73238,100,0,31.3,89.3,100,75.5,59.3,47.8,29.8,5.1,11.7,11.3,32.8,44.2,188264,3.8,55.2,60.7,0,1,0,0,0,0,0
10241,6.1,2.1,15.3,7.3,12.6,12.5,23.6,4,24.7,27072,194,66438,49.2,17.3,67.6,80.8,73.7,33,12.3,40,11.2,2,25.6,15.5,20,38.9,345137,3.8,70.5,54.3,0,1,0,0,0,0,0
10274,10.5,0.5,8.3,5.6,17.9,25.8,24,8.5,9.900000000000006,23400,274,55494,52.5,6.5,41.6,100,68,45.1,14.8,58.4,16.3,1.7,15.4,16,31.5,37.1,376228,4.1,132.6,56.9,0,1,0,0,0,0,0
4380,7.3,4,14.6,7.6,20.4,27.5,28.2,1.7,0,30442,210,65960,30.4,15.2,53.6,57.8,90.5,23.5,27.9,63.9,21.3,3.8,21.7,21.3,16,41,196725,3.7,145.3,62.3,0,1,0,0,0,0,0
13220,4.7,0.7,5.8,7.4,11,25.7,24.9,16.2,9,27402,320,86064,40.5,13.9,39.4,100,61.8,59.5,32.5,34.2,25.7,2.8,22.6,15,25.1,37.3,136308,3.5,98.8,69.8,1,0,0,0,0,0,0
10403,5.8,0.4,9.8,4.6,15.1,22.6,22.4,12.5,13,42962,236,72108,32.6,6.2,56.6,86.3,56.1,44.4,42.7,35.5,13.7,3,20.3,17.8,27.2,34.7,390969,3.2,50.3,58.3,1,0,0,0,0,0,0
18213,1.4,1.2,13.4,10,16.3,24.6,22.6,3.4,9.699999999999989,20486,186,47324,7.4,64.4,35.2,86.3,36.8,8.8,8.2,34.6,3.8,1.9,42.3,20.4,23.1,14.2,680068,3.9,77.6,62.4,0,0,0,1,0,0,0
14447,9.4,1.1,8.7,6.4,16.1,23.2,30.8,9,5.8,23842,320,40636,65.2,16.6,55,77.3,38.4,23.4,26.2,55.4,17.1,2.4,19.4,14.2,34.5,31.9,1038583,2.1,172.7,62.4,1,0,0,0,0,0,0
10266,12,0.3,7.9,5.4,17.8,35.9,25.5,7.5,0,21806,288,48086,65.6,4.1,40,86.7,68,20.9,33.5,52.7,22.2,3.1,17,18.2,33.6,31.2,267561,3.6,107.1,43.9,0,0,1,0,0,0,0
8709,6.7,3.8,13.4,6.1,16.6,32.2,27.9,3.799999999999983,0,18500,154,53786,61.6,15.7,27.3,100,50,36,29.7,49.3,11.4,5,41.9,17.7,15.3,25.1,214955,4.3,145.8,60.4,0,1,0,0,0,0,0
17042,6,1.3,9.8,4.8,14.8,11,23.2,6.7,29.7,32426,248,65962,59.6,15.8,36.7,96.2,63,41.1,15,37.1,10.1,1.8,27.8,20.4,45,6.8,274212,2.6,145.9,75,0,1,0,0,0,0,0
8400,4.1,0.3,7.6,4.1,10.1,44.3,33.9,0,0,28854,318,63800,98.4,1.5999999999999943,42.2,47.6,51.1,54.2,8.7,22.9,25.6,1.6,18.5,19.8,42.4,19.3,253309,5.9,89.2,45.6,0,0,0,0,0,0,1
26388,15.4,9.3,16.4,7.9,21.3,23.2,20.3,4.8,6.1000000000000085,25728,182,57476,10.6,48.5,29.5,97.2,40,10.6,11.3,28,8.4,2.1,30.3,12.6,30.9,26.2,1253357,3.8,113.2,52.4,0,0,0,1,0,0,0
11443,25.4,1.4,9.6,9.7,15.3,32,25.7,7.7,0,29254,232,43272,96.2,3.8,53.3,100,64.1,31.4,26.1,53.5,17.2,3.7,27.8,16.4,41.5,14.3,867338,4,90.7,48.1,0,0,0,0,0,0,1
20175,11.6,0.9,12.6,6.2,11,32.5,29.4,8.300000000000011,0,32422,358,36386,55.3,16.3,61.2,90.5,61.8,37.1,20.6,36.6,13.4,3.8,17.8,14.8,33,34.4,1048762,3.4,134.7,57.4,1,0,0,0,0,0,0
16896,13.9,0.7,8.7,4.6,15.2,25.6,30.5,9.9,5.5,25898,344,64378,70.6,19.1,42.1,79.1,56.1,24.2,32.8,45.1,13,2.7,32.1,12.2,39.7,16,695332,4.2,110.7,59.6,1,0,0,0,0,0,0
17475,4.4,0.7,9,5.7,10.1,34,24.1,13.1,4,33134,322,114736,30.6,11.5,46.3,39.8,74.6,36,35.9,49.4,20.2,3.4,22.5,18.8,29.5,29.2,96452,2.3,140.4,70.4,1,0,0,0,0,0,0
14162,7.6,0.5,7.7,6.7,10.2,23.9,37.5,14,0,37938,368,74492,36.8,13.1,50,100,60.2,49.8,27.4,41.4,20.2,3.2,17.8,9.2,42.7,30.3,271617,3.1,65.5,72.5,1,0,0,0,0,0,0
15875,7.1,0.4,8.8,4.7,13.5,33.2,28.9,10.9,0,35666,260,69068,61.3,16.8,53,100,62.5,39.2,48.1,40.3,17.9,3.3,9.9,12.6,32.5,45,327614,2.6,67.3,48.7,1,0,0,0,0,0,0
17123,5.1,0.8,7.4,4.7,12.6,20.6,16.9,13.8,24,32612,302,63162,60.6,17.2,53.2,100,73.7,31.8,30.8,36.6,14.1,3.5,22.6,16.5,40.4,20.5,177835,3,158.7,44.8,1,0,0,0,0,0,0
12160,5.3,1.4,13.7,8.2,12,24,27.8,6.7,7.599999999999994,28868,174,57708,14.2,35.1,58.6,79,39.9,7.2,18.4,33.3,5,3.4,34.1,11.9,30.6,23.4,961067,3,108.3,52.9,0,0,0,0,1,0,0
8742,34,0.9,6.9,7,20.2,31.3,32.6,2,0,27458,244,61908,69.3,16.2,51.2,100,87.8,31.2,30.9,57.3,13.4,4.1,19.7,29.1,45.6,5.599999999999994,702995,4.4,94.1,21.9,0,0,0,0,0,0,1
14029,4.5,0.7,8.1,4.1,11,24.4,32.1,16.1,4.2,27276,396,66046,49.3,12.3,35.9,59.2,66,43.8,39.1,39.1,16.4,2.6,22.5,12.2,30.4,34.9,140385,3.5,145.5,50.7,1,0,0,0,0,0,0
11724,6.1,1,8.4,9.2,12.5,24.3,20.1,4.7,20.8,22770,232,54240,46.1,20.7,65.5,92.4,79.8,42.6,20.1,37.6,12.1,1,33,18.2,23.1,25.7,287548,3.7,112,39.3,0,1,0,0,0,0,0
11588,15.6,1,9.4,7.1,14.4,30.1,19.9,8.1,11,29544,274,48752,39.5,15.7,66.6,73.1,69.1,34.5,23.9,49.4,9.6,2.7,35,17.1,37,10.9,927013,4.1,122.7,69,1,0,0,0,0,0,0
10410,10,0.5,6.9,4.8,20.3,39.4,28.6,0,0,26868,326,61194,78.7,7.6,38.8,100,90.6,45.8,30.1,40.6,16.8,1.3,15.6,16.3,46.7,21.4,287056,3.7,145.9,53.2,0,1,0,0,0,0,0
7827,3.4,0.3,2.9,4.5,11,24.5,31.4,13.1,12.6,32796,204,63136,73.4,4,29.1,100,76.2,75.8,68.1,44.5,34.5,4.3,18.9,14,34.1,33,246774,4.3,123.9,60.9,0,1,0,0,0,0,0
5743,5.4,3.1,11.5,6.3,10.8,43.5,27.9,0,0,25848,260,53014,100,0,39.3,91.8,60.9,44.3,33.1,24,19.6,1,22.3,28.8,32.1,16.8,183539,4.6,41.2,59.4,0,0,0,0,0,1,0
15358,1.5,1.4,12.3,11.9,14.9,33.4,23.1,4.2,0.2,20170,262,43374,8.5,41.5,40.7,96.8,44.5,10,7.2,46,6,2,34.7,20.2,28.9,16.2,558665,1.8,113.1,57.8,0,0,0,1,0,0,0
10136,12.3,0.5,5.6,5.4,10.2,22.8,25.1,8.4,22.5,28160,338,58206,86,11.7,59.4,100,58,41.2,41.3,52.5,22.6,4.9,22.3,16,45.5,16.2,633864,4.1,107.2,58.4,0,0,0,0,1,0,0
10822,6.2,0.4,9,4.9,12.3,45.2,28.6,0,0,25138,366,73738,66.4,5.1,43.4,100,82.2,60.1,32.4,27.4,27.8,2.3,24,21.4,19.3,35.3,320010,4.5,82.3,51.1,0,0,0,0,0,0,1
10188,0.7,0.4,9.1,4.8,14.1,53.1,18.9,0,0,39892,308,54296,93.5,5,48.4,100,62.4,85.4,45.1,23.5,19.6,2.9,18.4,19.5,44.7,17.4,174046,3.7,61.3,43.7,0,1,0,0,0,0,0
11225,29.6,1.3,11.7,9,17.1,25.7,26.4,8,2.0999999999999943,18382,254,65320,61.5,25.5,48.2,100,48.8,35.6,25.4,35.7,21.4,1.7,23.8,18.6,40.7,16.9,431645,3.2,170,80.5,0,0,1,0,0,0,0
8214,15.7,2.5,12.4,8,14.5,27.8,20.7,8.2,8.399999999999991,25796,292,50094,35.2,26.3,31.9,100,57.2,41,22.2,42.6,13.7,3.9,29.4,21.5,26.6,22.5,598279,3.2,96.7,38.4,1,0,0,0,0,0,0
15788,5.3,0.6,10.6,6.6,9.7,29.4,27.7,15.4,0.6,28956,274,91738,69.5,15.9,45,71,70.2,52.7,37.4,38,20.1,4.4,23.6,12.1,33.4,30.9,129886,2.9,94.8,51,1,0,0,0,0,0,0
13918,26.9,1.3,14.4,6,19.3,33,27.3,0,0,22734,270,63604,67.3,29.5,68.7,91.8,83.5,27.2,28.7,41.9,21.4,4.1,26.3,19.1,32.4,22.2,762106,5,73.5,61.2,0,0,0,0,0,0,1
7773,4.6,0.6,7.6,4.2,13.4,36.9,36.4,1.5,0,23916,394,35484,100,0,46.9,58.3,65.8,52.8,32,24.7,17.1,1.2,19.3,24.6,37.3,18.8,236686,6.1,72.2,48.8,0,0,0,0,0,0,1
16565,6.1,1.3,9.8,5.5,14.8,30.2,37.9,1.8000000000000114,0,27232,298,67344,69.9,14.8,40.9,100,73.1,36.3,22.5,49.1,10.7,2.5,28.1,23.4,30,18.5,596053,3.7,128.2,45,0,1,0,0,0,0,0
9043,5.6,0.3,5.5,5,11.2,30.9,39.8,7.6000000000000085,0,32224,416,57838,93.8,6.2,23.7,83.1,79.2,37.1,47.6,56.1,30,3.8,15.1,19.7,27.1,38.1,421459,4.6,85.1,77.3,0,0,0,0,0,1,0
8697,0.4,0.7,8.8,4.2,21.2,36.9,18,5.9,5,26026,386,46710,78.4,4.5,52.6,100,54.4,44.3,53.4,35.7,15.7,2.3,15.9,18.4,57.3,8.400000000000006,136650,2.7,57.2,43.9,0,1,0,0,0,0,0
22021,1.5,1.3,20,12.1,21.8,25.4,20.7,0,0,24538,134,66198,12.9,41.8,54.3,42.9,34.9,9.3,7.7,29.9,4.5,2.3,38.1,21,27.5,13.4,670153,3.2,142.3,36.9,0,0,0,1,0,0,0
15012,5.5,1,12.2,8.9,15.1,32.7,22.3,6.2,2.5999999999999943,26276,244,56968,43.9,14.2,50.3,100,71,37.4,22.5,51.9,15,1.9,25,22.9,43.9,8.2,583551,2.9,151.7,79.3,0,1,0,0,0,0,0
5791,6.4,3.8,11.8,6.9,17.6,32.3,17.4,4.5,9.5,16400,218,51946,100,0,31.2,100,95.1,51.1,27.2,25.2,25.8,0.9,25.2,22.7,34.6,17.5,161914,2.8,69,52.5,0,0,0,0,0,1,0
12512,9.8,0.5,8.8,5.7,13.4,29.9,29.5,6.8,5.900000000000006,19078,302,57910,74.8,8.4,48.7,83.1,59.3,41.3,21.7,43.5,17.2,1.4,20.6,13.2,32.2,34,344552,3.4,93.6,43.8,0,1,0,0,0,0,0
7540,8.1,0.5,6.2,4.4,9.5,27.8,21.6,11.1,19.4,34434,412,80502,82.1,6.5,41.9,85.8,71.3,42.4,39.6,33.1,25.1,4.5,25.1,17.1,30.8,27,375301,3.4,64.9,65.3,0,0,0,0,0,1,0
14778,5.6,2.2,10.7,7.3,15.7,33.8,28.7,3.8,0,23984,202,40212,49.4,20.2,59.8,100,71.1,31,19,39.1,8.6,1.1,21.9,22.4,40.1,15.6,358080,2.4,108.4,65.6,0,1,0,0,0,0,0
13025,10.4,0.3,9.5,8.2,16.3,37.5,28.5,0,0,30260,280,55808,55.8,6.4,39,100,64.5,43.4,18.1,52.1,20.5,1.8,13.6,15.6,37.1,33.7,250703,2.3,137.4,35.1,0,1,0,0,0,0,0
11490,26.6,0.7,10.7,7.7,15.2,27.5,25.5,8.6,4.800000000000011,22396,240,79676,95.6,4.400000000000006,38.9,100,55.1,21.5,24.5,42.5,18.4,3.9,21.5,21.3,39.3,17.9,554571,2.9,99.6,37.8,0,0,0,0,0,0,1
10852,8.5,0.3,8,6.5,18.8,30.4,23.5,6.6,6.200000000000017,26044,258,42192,64.9,7.4,46.4,76.9,77.7,29.7,21.5,59.1,13.6,1.5,17.5,16.2,42.9,23.4,296042,3.4,156.7,48.4,0,1,0,0,0,0,0
18540,3.5,0.6,10.4,7.7,11,18.9,32.2,15.8,4,24180,254,98642,49.7,16.6,61.8,84.4,68.3,37.4,39.1,42.9,17.3,3.8,17.2,15.7,29.6,37.5,141646,4,93.4,71.9,1,0,0,0,0,0,0
29097,15.5,22.7,26.4,14.4,12.5,26.9,11.5,2.1,6.200000000000017,9906,160,53708,7.5,65.7,32.9,73.5,35,3.9,3.1,17.1,4.5,1,46.9,32.2,20.9,0,608513,2.9,90.6,53.3,0,0,0,1,0,0,0
5384,7.8,3.4,11.8,6,12.2,23.2,26.7,8.6,11.5,20570,130,59994,70.3,15.5,39.3,100,51.7,53.1,25.2,37.2,19.6,3.8,37.8,23.7,34.3,4.2,163013,3.7,126.5,46.7,0,1,0,0,0,0,0
17123,6.6,1.3,9.6,8.5,13,26.4,31.9,9.8,0.8,19470,230,60644,44.6,18.1,29.2,92.7,81.5,29.1,18,41.5,17.5,1.6,24.7,18.4,29.2,27.7,407006,2.4,117,57,0,1,0,0,0,0,0
8948,1.5,1.1,6.3,3.7,11.9,34,21.1,7.9,15.1,25492,300,48858,86.5,2.6,28.9,100,100,54.4,74.2,35.1,21.1,3.4,20.4,11.4,41.6,26.6,226210,5.1,120.8,54.6,0,0,1,0,0,0,0
9066,14.1,0.3,6.5,5.9,11.1,35.4,9.6,8,23.5,20104,264,55708,86.1,8.3,33.3,100,77.5,54.7,26.6,50.2,15.7,3.9,17.1,13.4,26.7,42.8,306062,4.4,82.9,34.7,0,0,1,0,0,0,0
8196,2.9,0.3,3.8,3.5,15.7,35.4,31.8,9.8,0,37770,184,54056,82.3,4.3,36.8,65,84.4,67.1,46.7,59.7,29.5,4.8,5.7,16.2,40.4,37.7,219429,3.4,143.4,50.3,0,1,0,0,0,0,0
8123,8.1,3.5,11.9,7.4,17.6,31.6,21.6,5.8,4.1000000000000085,24038,316,76892,54.7,15.2,44.7,86.8,62.3,51.5,22.1,39.8,14.7,3.3,34.9,16.7,29.3,19.1,237047,3.5,113.3,53.8,0,1,0,0,0,0,0
10652,2,1.1,15.3,6.9,17.9,26.4,25.4,8.099999999999994,0,22654,304,59606,60.2,12.6,51.4,100,59.1,47.1,20.2,57.8,15.6,1.8,33.6,14.3,34.4,17.7,484397,2.6,117.9,47.5,0,1,0,0,0,0,0
12377,17.3,1.4,9.8,7.7,14.7,24.9,29.6,11.1,2.2,26804,156,48448,35.4,28.3,41.5,100,71,30.5,20.8,63.8,10.8,6.9,19.2,14.8,25,41,569487,3.1,106.9,72.5,1,0,0,0,0,0,0
8359,8.4,0.5,6.2,2.6,15.4,19.6,28.2,10,18,28042,360,67480,89,7.5,38.8,100,70.9,49.3,42.3,63.8,20.7,6.5,19.4,16.4,36,28.2,434849,3.6,88.3,80.1,0,0,0,0,0,1,0
9720,0.7,0.8,9.1,5.1,14.7,37,26.2,3.7,4.199999999999989,22592,422,62258,100,0,40.4,93,100,63.6,40.8,37.4,22.5,2.4,19.2,13.1,44.4,23.3,152353,5.1,62.1,31.7,0,1,0,0,0,0,0
8242,12.1,0.3,5.4,6,12.5,25.3,28.7,14.5,7.599999999999994,25180,230,64106,74,6.9,38.5,96.2,69.5,34.5,48.5,58.2,19,3.1,16.4,14.3,33.5,35.8,255639,2.9,112.4,40,0,0,1,0,0,0,0
7297,6.2,0.5,8,3.3,12.3,26.8,38.7,10.9,0,26132,330,64532,69.2,8.6,54.8,88.6,72.3,35.2,34.8,55.8,21,5.7,12.1,11.6,34,42.3,535118,4.3,79.5,65.2,0,0,0,0,0,1,0
16031,16.6,1.8,14.8,10.9,18.2,31.4,24.7,0,0,25004,312,66442,39.8,15.6,51.1,85.6,40.4,18.1,23.8,58.8,6.9,4.4,18,17.2,35.8,29,557052,2.6,129.8,54.2,1,0,0,0,0,0,0
8655,1.4,1.2,6.7,6.5,14.2,42.4,30.2,0,0,35810,212,47254,89.9,3.6,27.7,100,71.3,65.4,86.3,33.2,30.5,2.3,20.7,17.1,40.8,21.4,174962,3.9,115.3,50.5,0,0,1,0,0,0,0
20660,1.6,1,20.6,11.1,24.2,23.9,20.2,0,0,19576,202,51454,9.1,46.9,47.2,58.2,49.6,12.1,3.8,27.9,4.8,1.6,40.9,16.3,32.9,9.900000000000006,685908,2.5,131,45.3,0,0,0,1,0,0,0
7809,9.4,0.4,6,4.4,14.7,27.2,47.1,0.5999999999999943,0,29982,332,74130,85.7,9.8,41.5,73.2,100,66.7,37.8,58.3,24.5,5.9,16.2,19.3,35.6,28.9,498563,4.7,83.3,60.9,0,0,0,0,0,1,0
21479,15.4,32.6,23.1,16.8,21.6,18.5,13.5,2.3,4.2,14196,114,33466,8.1,53.8,36.2,100,37.7,5.3,3.1,17.4,7,0.9,34.5,33.1,29,3.4000000000000057,675011,3.6,123,69.3,0,0,0,1,0,0,0
23249,13.8,6.8,23.1,11.8,22.8,23.2,19.1,0,0,18932,238,66708,20.3,44.7,39.2,92.6,42.7,11.9,11.5,31,6,0.8,27.5,16,35.4,21.1,964008,2.2,138.8,64.1,0,0,0,1,0,0,0
13891,6,0.7,6.8,8.5,10.8,24,33.3,16.6,0,42810,302,37772,42.7,18.7,34.5,100,68.2,24.7,30.7,27.6,20.9,2.7,24.4,5,34.5,36.1,146621,3.4,126.6,64.5,1,0,0,0,0,0,0
8317,7.5,0.6,12.1,4.5,16,24.4,38.8,4.2,0,26908,292,48888,53.7,10.2,32,95.9,84.6,44.4,43.4,81.3,17.6,4,26.8,16.2,49.5,7.5,585675,2.7,90.6,43.4,0,0,0,0,1,0,0
10342,0.7,0.6,6.8,6.6,14.8,41.1,30.1,0.5999999999999943,0,29032,318,53536,100,0,36.4,100,80.1,77.5,59.1,35.3,32,4,13.3,16.2,32.3,38.2,148877,4.8,96,61.8,0,1,0,0,0,0,0
8210,7.4,1,9.5,7,15.4,37.3,30.8,0,0,25420,182,46896,66,11.2,45.7,78.4,66.1,37.1,30,36.6,14.2,1.8,25.8,16,34.5,23.7,225953,3.2,72,57,0,0,0,0,0,1,0
15928,12,1,8.6,6.5,14.5,31.7,23.5,12,3.2,24334,258,60846,37.1,14.9,59.5,100,51.7,31.2,22.5,40.8,13.3,1.8,24.8,20.7,34.7,19.8,668974,4.2,146,52.2,1,0,0,0,0,0,0
27939,13.4,6.6,10.4,12.8,13.9,26.5,15.2,6.1,15.1,24266,220,85382,12,46.6,43.3,91.9,53.5,10.5,9.4,25.5,7.7,1.8,27.6,19.7,31.2,21.5,1282855,3.8,119,79.7,0,0,0,1,0,0,0
14120,34.8,0.9,8.2,11,18.7,37.7,24.4,0,0,22540,340,58890,66.9,19,38.1,100,54.7,35.4,17.3,29,18.8,3.1,17.7,23.3,35.5,23.5,449579,3,113.1,35.7,0,0,0,0,0,0,1
9297,26.2,1.2,11.5,10.1,20.5,27,23.1,7.800000000000011,0,27050,202,68688,71.6,20.9,68.4,75.4,76.8,29,29.4,33.2,16.9,2,22.5,15.8,25.7,36,500638,4.4,123.8,56,0,0,1,0,0,0,0
6569,5.5,1.1,8.7,7.2,15.7,26.3,25.8,5.3,11,19500,214,24162,61.1,13.4,37.5,100,72.3,36.8,12.9,44.4,18.6,3,17.8,14.4,42.6,25.2,96721,4.4,81.4,29.6,0,0,0,0,0,1,0
14939,23.2,1,10.7,9.3,16.1,34.6,29,0.29999999999999716,0,18074,246,62188,81.5,15,55.1,100,76.9,42.4,20.1,28.1,16.3,4.4,28.1,23.1,20.9,27.9,652889,4.1,133.7,43.6,0,0,0,0,0,0,1
5883,6.5,4,10.2,6.5,19.3,30.1,15.8,5.6,12.5,18828,296,51270,97.7,2.3,44.3,77.9,72,50.6,25.9,20.7,31.7,0.9,19.9,29.3,39.7,11.1,344997,5.5,56.7,56.5,0,0,0,0,0,1,0
10799,8.6,0.4,6.9,6,14.3,22.7,36.2,13.9,0,29808,354,77480,50.4,9.8,38.1,87.5,74.5,36.8,30.5,61.8,17.7,2.1,13.6,18.4,38.3,29.7,387464,2.5,42.7,69.4,1,0,0,0,0,0,0
8065,1.5,1.1,6.1,4.5,13.2,29.7,39.7,6.8,0,22324,230,46876,100,0,46.1,91.4,81,88.7,48.9,38.3,31.5,2.8,13.2,16,25.8,45,292081,4.2,87.4,52.5,0,0,1,0,0,0,0
15040,5,1,9.9,7.2,16,32.5,31.8,2.6000000000000085,0,23532,276,63158,57.5,13.1,32.1,75.2,38.5,33.8,22.3,42.3,11.1,2.1,29.8,14.1,34.8,21.3,407781,3.6,71.7,62.5,0,1,0,0,0,0,0
9223,5.3,0.4,7.1,4.4,14.8,33.5,19,9.1,12.1,24442,164,53788,50,7.1,43.9,92.7,100,66.6,26.5,29.4,27.6,1.7,22.2,24.1,42.5,11.2,231714,4.2,77.5,61.2,0,0,0,0,0,0,1
14191,4.1,0.5,9.7,7.1,11.3,22.1,33.8,16,0,39312,310,88256,61,11.3,59.2,52.9,54.3,38.7,32.5,54,16.3,3.4,20.3,13.8,33.5,32.4,141949,2.1,160.5,48.7,1,0,0,0,0,0,0
5842,10.5,1.1,10.7,6.7,14.8,34.9,23.2,5.5,4.2,32302,312,56684,67.9,8.5,49.9,75.7,87.2,27.8,20.4,52.9,18.9,2.5,28.4,18.4,27,26.2,141199,3.9,67,37,0,0,0,0,0,1,0
13639,8.8,1.2,6.3,4.5,10.3,15.1,41.8,10,12,31688,324,89190,64.6,7.3,38.1,100,59,29.4,55.8,41.4,18.4,2.5,18.9,13.5,37.5,30.1,164766,3.2,81,47.3,0,1,0,0,0,0,0
25102,20.6,22.1,30.7,16.4,18,16.1,11.8,2,5.000000000000014,20920,102,66940,6,44.2,43.4,71.8,37.2,6.4,3.4,18.9,5,1.2,48.2,17.6,27.6,6.599999999999994,675279,4.5,114.3,58.7,0,0,0,1,0,0,0
10044,3,0.6,6.7,5.2,10.2,24.7,46.3,6.900000000000006,0,18980,250,47592,75.2,4.5,39.3,100,100,67.2,29.4,62.1,38.4,4.4,13.7,10.4,44.9,31,223366,4.1,62.1,56.5,0,1,0,0,0,0,0
8880,8.6,0.5,8.2,6.7,17.1,36.5,31.5,0,0,34766,258,59560,100,0,35.5,64.6,70.8,47.6,25.1,50.6,16.4,3.8,19,19.8,34.5,26.7,475806,2.1,91.3,57.7,0,0,0,0,1,0,0
6295,4.9,0.3,7.3,4,13.8,24.2,29.1,8,13.6,15170,260,51234,100,0,44.2,100,40.2,39.8,20.6,30.7,32.5,1,20,24.5,47.6,7.900000000000006,337835,2.5,65.6,77.3,0,0,0,0,0,0,1
6890,3.3,0.6,6.6,3.5,10.1,27.3,43.5,9,0,32186,252,82404,71,5.6,31,74.5,63.9,65,63.9,61.6,25.8,5.6,9.6,17.5,31.5,41.4,168469,2.7,70.5,40.9,0,1,0,0,0,0,0
5180,7.4,1.2,9.9,7.1,15.7,37,26.6,3.6999999999999886,0,23676,158,31418,49.9,14,43.9,100,39.6,38.6,19.1,37,23.1,2.4,11.8,22.9,34.5,30.8,265286,4.5,52.9,18.4,0,0,0,0,0,1,0
12298,9.5,0.4,7.1,3.8,15.9,32.1,31,4.2,5.8999999999999915,21016,280,48534,83.7,9.3,38.8,91.1,65.7,32.2,23.5,43.1,17.5,1.5,22.2,18.7,44.4,14.7,231432,3.8,104.2,43.3,0,1,0,0,0,0,0
17814,4.2,0.6,10,5.4,14.2,23,24.4,20.8,2.2,26850,356,106954,59.5,18,48,100,58.7,53,43.8,46.8,16.9,2.3,17.3,10.2,30.4,42.1,265851,4.2,71.9,51.7,1,0,0,0,0,0,0
8270,4.8,0.3,3.3,2.8,8,28.1,46.3,11.5,0,33474,416,64694,95,3,30.9,70.2,87.8,65.2,54.9,77.7,35.7,4.1,19,15.7,49.2,16.1,167638,3.1,114.5,48.8,0,1,0,0,0,0,0
34410,17.1,8.8,15.5,8.6,19,29.8,25.8,1.3,0,14844,182,63524,11.4,31.5,37.7,75,28.7,6.9,8.2,34,5,2.1,42.6,8.5,31.5,17.4,906402,2.9,133.2,37.9,0,0,0,1,0,0,0
12340,18.7,1.6,10.8,7.5,19.6,35.7,26.4,0,0,21266,202,62058,42.2,26.8,36.1,100,59.1,28.9,33.1,57,14.4,4.9,22.7,23.4,26.5,27.4,455266,3.1,114.1,59.4,1,0,0,0,0,0,0
8192,6.8,0.4,6.9,4.8,14.1,27.4,44.3,2.5,0,17294,386,76188,93.2,6.8,29.7,100,71.9,55.5,43.8,56.7,30.6,5.2,14.4,16.5,36.7,32.4,441458,4.3,84.8,45.9,0,0,0,0,0,1,0
4492,5.5,3.4,8.2,6.2,17.8,42.6,23.7,1.4999999999999858,0,24048,324,70646,58.7,8.8,48.4,87.2,62.5,51.7,28.5,26.8,17.8,0.8,21.3,11.5,42.1,25.1,230097,3.3,57.7,68.7,0,0,0,0,0,1,0
8980,0.6,0.8,9,6.2,13.4,36.8,29,5.3,0.3,23180,316,58512,99.6,0.4000000000000057,52.3,91,96.3,48.1,45.6,31.5,27,4.8,16.4,17.3,37.4,28.9,185345,3.5,87.2,40.2,0,1,0,0,0,0,0
11141,9,0.2,8.6,5.9,11.2,32.9,41,0.4000000000000057,0,22610,290,35740,83,7,34.9,70.7,47.7,38.7,40,48.3,14.3,3.3,19.1,9.3,39.1,32.5,184177,3.7,107.8,64.8,0,0,1,0,0,0,0
10729,23.7,1.5,11.2,10.2,18.4,30.5,22.2,6.7,0.8,18994,230,54072,59.9,20.9,50.5,100,56.2,26.2,28.7,30.9,15.9,1.6,18.4,17.7,31,32.9,641755,4.3,103.1,52.7,0,0,1,0,0,0,0
13960,4.6,1.1,9.8,4.1,16,11.9,30,7.8,20.4,28074,250,73144,22.1,38.8,60.1,62.1,34.6,13.8,15.9,39.1,5.6,2.8,36.8,15.7,29.7,17.8,686260,3,115.2,41.4,0,0,0,0,1,0,0
23855,23.2,19.6,20.9,14.4,12.8,24.9,10,2.2,14.8,13292,122,58808,6.4,54.6,35,83.7,27.4,2.7,3.5,17.2,4.6,1.5,33.2,24.1,30.5,12.2,736310,3.6,112.4,43.6,0,0,0,1,0,0,0
15790,14.4,1,9.4,7.7,18.1,21.7,26.8,9.2,7.099999999999994,29678,274,55660,64.7,23.2,75.6,100,61,25.6,27.2,45.5,9.9,2.9,22.8,11.6,41.7,23.9,845442,4.5,114.6,54.8,1,0,0,0,0,0,0
7912,22.4,1.4,10.6,7.5,17.2,28.8,30,5.900000000000006,0,27952,174,51566,38.1,26.8,38.3,100,73.6,38.4,29.9,23.4,18.6,1.3,26.3,19.5,33.3,20.9,272038,3.3,88.3,68.7,0,0,1,0,0,0,0
4542,6,2.7,8.9,5.7,16.8,44.2,21,3.3999999999999915,0,29156,298,46646,100,0,49.2,100,91.9,61.3,23.4,20.6,20.1,0.7,22.1,20.8,40.3,16.8,295625,4.8,60.6,77.7,0,0,0,0,0,1,0
9399,27.3,0.9,10.4,7.6,11.3,32.4,32,6.3,0,28188,290,35194,63.3,24.2,56.4,73.8,81.1,32.7,22.3,54,14.4,3.4,30.5,18.3,44.7,6.5,707268,3.8,98.1,64.7,0,0,0,0,0,0,1
16290,6,0.5,7.7,2.6,7.8,23.6,30.1,12.1,16.1,33436,244,87772,50.7,9.8,56.6,100,43.4,34.4,48.4,58.5,10.9,2.6,13.1,18.1,39.5,29.3,467948,4.5,45.3,35.9,1,0,0,0,0,0,0
11144,2.5,0.3,6.5,4.1,9.9,30.8,30.8,16.3,1.6,29250,270,74500,78,3.8,41.9,80,89.7,52.5,67.3,69,20.8,4.5,20.9,17.8,34,27.3,147399,5.2,127.7,67.2,0,1,0,0,0,0,0
11129,5.9,0.3,6.8,6,15.8,30,31.3,9.2,0.9,32682,246,51926,82.8,6,57.2,88.5,77.5,51.5,31.7,41.8,15.6,3.7,14.4,17,23.1,45.5,182155,3.1,86.4,50.1,0,0,1,0,0,0,0
20273,1.4,0.8,16.6,12.4,21.2,28.8,17.9,3.0999999999999943,0,20754,138,43098,11,41.7,48.7,100,34.4,7.7,9.1,34.7,6.6,2,42.9,14.3,37.7,5.099999999999994,579297,4.4,137.3,49.6,0,0,0,1,0,0,0
6537,8.5,0.7,4.5,7.5,15,32.3,40.7,0,0,20680,312,74546,78.5,12.5,43.2,100,64.8,38.1,40.4,56.4,24,4.2,19.8,18.9,37.1,24.2,488689,2.7,119.6,51.4,0,0,0,0,1,0,0
10736,6.8,1.1,13.9,6.9,17.2,31.6,30.4,0,0,16912,170,47934,49.5,21.2,52.4,63.3,63.8,26.9,14.9,23.1,11.9,1.2,31.1,24,35.5,9.400000000000006,275984,4,83.6,63,0,1,0,0,0,0,0
13486,13.1,6.2,12.6,12.9,14.7,37.9,12.8,5.6,3.500000000000014,23812,306,56966,11.5,37.5,42.2,83.2,73.5,12.4,8.8,26.5,5.3,2.4,38,26.6,35.3,0.10000000000000853,1194773,3.8,87.5,49,0,0,0,1,0,0,0
8048,8.3,3.8,14.6,5.9,22.3,19,31,7.2,0,27632,184,47480,41.6,10.4,51.1,100,76.3,51.1,24.6,64.4,12.6,4.6,34.6,16.8,22.5,26.1,228570,4.4,93.7,50.7,0,1,0,0,0,0,0
13660,5.7,0.3,8,7.4,9.7,15.9,22,16.2,20.8,40992,230,86888,64.1,13.9,50.8,74,33.9,49.9,44.6,38.8,17.6,2.8,20,17.6,49.1,13.3,247064,3.1,66.2,70.2,1,0,0,0,0,0,0
11591,10.4,0.5,4.5,5.6,17.9,41.1,15.3,4.3,11.3,27622,270,41058,71.2,8.2,45.1,100,89.7,47.9,12.2,54.3,11.7,1.8,21.1,16.5,31.3,31.1,277617,3.7,122,45.8,0,1,0,0,0,0,0
16160,21.5,18.1,22.2,12.8,17.1,27.6,14.7,2.3,3.3,12918,108,29424,7.3,58.2,31.4,97.1,31,5.2,3.5,17.9,4.2,1.3,61.8,28.8,9.4,0,948532,3.5,111.9,44.8,0,0,0,1,0,0,0
13399,11.6,0.4,9.1,7.6,16.1,40.1,20.5,4.7,1.8999999999999915,13048,274,51234,90.1,9.9,49,74.4,69.1,45.8,22.9,32.3,11.2,2.7,25.6,19,26.2,29.2,303125,3.3,95.2,58,0,1,0,0,0,0,0
23929,30,16.8,26,19.6,23.9,17.8,11.8,0.9000000000000057,0,18212,146,27698,8.6,37.9,31.5,100,40,8,4,22.9,4.5,1.8,35.3,16.2,30.7,17.8,816213,2.9,110.2,52.9,0,0,0,1,0,0,0
8998,6.2,0.3,3.3,3.6,9.8,38.7,20.7,10.6,13.3,29188,344,77586,90.1,5,29.5,74.7,77.4,53.1,36.4,49.4,25,2.6,16.1,17.9,36.5,29.5,236217,5.2,119.1,48.1,0,0,1,0,0,0,0
8838,10.1,0.4,10.6,5.3,14.6,25.5,25.3,9.4,9.3,24652,212,40768,73.6,13,57.3,71.3,83.3,45.4,42.4,67.1,19.5,6,24.3,23.5,36.4,15.8,540857,3.5,77.3,60.8,0,0,0,0,1,0,0
8427,0.6,0.8,7.8,7.7,21.4,46.7,16.4,0,0,23036,314,42714,52.6,5.1,33.2,97.6,64.8,65.8,50.1,30.6,26.3,4,22.5,16.3,38.2,23,196933,4.3,69.7,44.5,0,1,0,0,0,0,0
20256,11.4,7.9,14.3,10.7,23.1,25.9,20.4,5.3,0.3,23838,146,66398,7.6,40.9,43.1,91.1,43.3,9.9,10.5,30.6,7.8,2,43.7,18.3,34.1,3.9000000000000057,1448161,4,119.2,42.6,0,0,0,1,0,0,0
15316,24.2,1.7,6,10.8,16,31.5,15.2,8.2,12.3,27910,214,39380,76.2,23.8,60.7,74.8,75.2,39.8,24,25.5,16.4,1.7,36.6,13.3,27.1,23,534906,2.8,140.5,68.9,0,0,1,0,0,0,0
9555,4.4,0.3,4.5,3.9,9.6,31.6,26.5,15.2,8.7,34066,314,59986,70.1,4.7,29.5,90.8,90.8,52.8,41.3,74.6,39,3.7,18.2,16.8,17.6,47.4,207557,3.8,59,42.2,0,1,0,0,0,0,0
12179,8.7,0.3,7,6.1,16.1,41.8,29,0,0,33336,284,60810,53.1,8.5,38.5,85.3,62.3,38.4,7.4,40.4,19.9,1.3,27.4,23.5,40.6,8.5,288576,3.7,90.5,44.4,0,1,0,0,0,0,0
9725,25.4,1.6,10.2,7.3,17.2,24.2,27.6,7.7,5.8,23328,226,38052,80,20,57.4,78.8,72.3,33.8,31.2,19.7,19.9,1.4,25,11.9,27,36.1,392325,3.8,141.1,91.9,0,0,1,0,0,0,0
9024,1.2,0.9,5.2,3.3,11,26.9,30.5,6.9,16.2,22862,370,67500,100,0,37.1,100,64.5,54.1,74.8,42.4,23.4,3.8,13.3,18.6,27.7,40.4,232122,2.8,98.9,39.5,0,0,1,0,0,0,0
6039,9.5,0.5,6.4,5.6,14.9,29,30.1,12.5,1.5,24514,326,58450,88.1,10.9,40.1,66.3,84.7,43,27.1,55.9,15.6,4.3,23.3,14.5,35.3,26.9,787816,4.4,150.6,51.3,0,0,0,0,1,0,0
17261,10.8,1,8.6,7.3,12.8,38.3,32.5,0.5,0,18564,190,40332,56,17.6,42.6,93.9,75,24.3,27.5,28.8,13.3,2.3,16.1,17.8,33.3,32.8,636133,3.8,137.1,70.4,1,0,0,0,0,0,0
11318,7.3,1.6,9.9,8,17.7,52.7,11.7,0,0,26570,192,57810,70.1,20.7,74.9,100,65,36.4,15.8,37.6,8.4,1.5,21.6,18.7,33.7,26,483277,2.2,97,58.2,0,1,0,0,0,0,0
14972,5.5,1.2,9.3,4.5,13.4,21.9,24.8,6.8,19.3,24200,276,37610,58.6,14.9,43.1,86.1,67.4,35.9,26.9,50.6,15.9,2.4,27.6,16,27.8,28.6,665403,3.1,148.2,57.1,0,1,0,0,0,0,0
8582,5.9,1.9,11,10.7,14.5,28.2,30.7,4.8999999999999915,0,28340,214,70602,72.8,21.7,43.4,69.3,90.9,34.1,22.8,47.2,16.7,3.9,25.9,21.6,31.7,20.8,188719,3.7,113.4,62.9,0,1,0,0,0,0,0
8947,8.7,2.6,9.5,7.9,16.9,36.3,22.8,6.6000000000000085,0,20434,190,72966,69.1,14.6,36.6,94.8,80.8,33.1,23.8,38,13.9,4.8,31.6,17.8,18.7,31.9,207529,3.8,138.3,41.1,0,1,0,0,0,0,0
13149,13,0.2,5.8,5.8,15.3,26.1,31.5,13.8,1.7,33704,270,73188,98.5,1.5,44.4,89.3,55.4,53.9,37.8,60,19.8,3.1,20.7,10.9,36.8,31.6,245235,3.1,112.6,54.2,0,0,1,0,0,0,0
9561,22.3,1.4,8.9,6.4,18.6,17.6,22.5,9.6,16.4,24224,328,61062,42.2,23.7,52.7,99,71.6,24.8,22.3,33,17.4,1.2,23.5,21.6,36.1,18.8,425152,2.7,134,53.3,0,0,1,0,0,0,0
20062,5.1,0.3,6.6,4.7,15,20.3,22.6,11.8,19,19258,302,87706,44.5,12.1,52.8,78.6,79.1,29.9,37.5,49.8,17,2.1,20.8,14.8,25.3,39.1,351583,3.3,60.1,53.2,1,0,0,0,0,0,0
9379,6.1,3,10.6,7.4,14.3,28,21.3,10.9,7.5,27384,220,59022,46.2,16.8,36.6,84.1,57.8,52.6,26.3,56.3,15.8,5.7,29.1,18.2,35.6,17.1,213784,3.4,139.3,47.7,0,1,0,0,0,0,0
16255,6.1,1.6,11.8,6.6,17.9,27.2,29.3,7.2,0,20560,314,83024,23.3,38.7,53.7,70.5,40.6,15.9,18.8,54.2,6.1,3.2,22.3,11.6,25.2,40.9,738568,2.9,135.6,63.6,0,0,0,0,1,0,0
17166,3.7,0.6,6.8,4.5,14.3,23.1,35,13.5,2.8,30458,442,71432,57.4,11.7,42.8,96.4,26.7,48.6,44.9,32.4,21.3,4.1,17.3,14.1,27.9,40.7,170942,4,110.6,62.3,1,0,0,0,0,0,0
8016,1.5,1.2,6.3,4.2,12.5,33.8,32.9,6.8,3.500000000000014,23682,310,58070,86.3,4,44.1,78.5,99.6,56.9,53,35.7,24.6,4.1,15.5,13.8,43.1,27.6,297751,5.5,89.4,52.9,0,0,1,0,0,0,0
3899,6.2,2.3,9.5,8.2,14.4,47.5,20.4,0,0,26990,346,53150,59.8,7.6,34.6,96.6,74.5,58.6,27.1,26.8,21.2,1.2,19.1,21.8,41.8,17.3,209603,4.4,55.7,54.4,0,0,0,0,0,1,0
12050,8.5,1.6,13.1,6.3,16.4,47.5,16.7,0,0,30172,214,45344,36.7,23.4,48.2,100,48.8,31.1,19.9,31.9,7.6,1.1,32.3,25,42,0.7000000000000028,259481,4.2,70.5,47,0,1,0,0,0,0,0
8093,3.3,0.4,4.5,4,8.8,27.8,34,14.7,6.2,29618,260,60274,82.3,3.6,31.7,100,100,77.7,35.9,25.3,26.9,5.3,8.6,16,36.9,38.5,189420,3.3,68.1,62.9,0,1,0,0,0,0,0
9424,28.4,1,7.8,5.7,18.2,34.2,20.7,5.3,8.099999999999994,22328,256,52694,60.8,25.6,55,100,95.2,32.9,23,47.5,18.5,4.1,27.3,25.8,43.2,3.6999999999999886,623748,2,95.6,47.3,0,0,0,0,0,0,1
11774,4.7,1.8,13.1,8.5,13.5,30.7,26.4,4.8,3.000000000000014,24922,204,51800,45.3,16.5,48.7,85,47.1,38.9,12.7,33.7,9.3,1.8,27.7,27.6,35.1,9.599999999999994,410782,2.7,111,54.5,0,1,0,0,0,0,0
18148,17,9.9,22.7,10.3,19.1,25.9,22,0,0,18652,236,69840,13.2,32.3,61.6,71,42.2,10.7,9.4,29.5,7.1,1.5,37.1,13,26.2,23.7,1653383,2.9,123.5,64.2,0,0,0,1,0,0,0
12953,20.8,2.5,16,7.7,17.1,35,23.1,1.0999999999999943,0,20048,222,53862,50.1,21.4,31.5,100,80.8,42.6,19.7,44.9,14.4,5.4,26.3,23.3,31.7,18.7,589750,3.5,85.1,74.4,1,0,0,0,0,0,0
16933,8.7,0.5,8.5,5.3,10.2,22.4,30.4,13,10.2,24290,334,64206,36,20.1,32.5,100,68.9,37.2,35.4,44.8,8.4,1.7,15,14.1,34.6,36.3,411781,1.9,52.4,56.8,1,0,0,0,0,0,0
11753,2.9,1.3,14.4,6.7,12.4,39.4,26.8,0.29999999999999716,0,31428,98,40574,67.5,20.8,57.9,68.8,82.7,45.5,15.1,29.9,11,1.3,32.1,22.8,37.4,7.699999999999989,355948,4.7,105.4,63.5,0,1,0,0,0,0,0
15860,7.1,1.7,11.4,8.7,22.2,30.9,13.5,9.1,4.200000000000017,18200,212,61066,54.8,20.9,36.3,100,66.6,35.5,33.7,51.5,9.1,3.5,24.1,19.3,28.3,28.3,680639,3.1,122,58.6,1,0,0,0,0,0,0
11142,25,1.4,14.6,7.8,11.5,34.3,29.1,2.700000000000017,0,19448,304,31758,51.3,27.5,46.3,69.6,64.7,27.7,33.5,31.7,15,1.3,29,24,27.5,19.5,376666,3,127.4,61.9,0,0,1,0,0,0,0
7799,0.6,0.7,6.3,6.9,19.5,42.2,25.1,0,0,21550,276,54836,75.5,2.9,42.7,100,100,66.1,27.8,31.5,29.9,3.3,17.9,11.9,20.4,49.8,194094,4.8,84,30.7,0,1,0,0,0,0,0
7614,8.6,1.4,10.8,6.8,17.7,34,30.7,0,0,24514,318,59926,58.5,10.7,26.4,100,59.1,46.1,23.7,50.5,17.2,2.5,11.6,21.2,29.2,38,188684,3.6,88.7,64.9,0,0,0,0,0,1,0
10897,8.1,0.9,7.2,5.2,12.3,30.7,31.5,10.5,2.5999999999999943,15668,266,73908,57,10.2,51.4,86.1,71.4,53.9,44.9,45.4,12.1,1.9,16,16.6,45.3,22.1,176302,4.3,91.6,37.1,0,1,0,0,0,0,0
15947,7.4,1.3,9.6,5.9,19.4,31.1,30.1,3.9000000000000057,0,18228,194,47038,62.9,13,50,100,76.6,28.1,23.2,43.4,12.8,1.7,18.3,18.2,20.1,43.4,574059,3.7,187,85.8,0,1,0,0,0,0,0
14875,4.6,0.6,10,6.1,14,24,27.9,16.8,1.2,26222,358,121838,59.5,14,39.7,97.9,50.6,33.4,38.8,47.5,12.4,3,23.1,13.9,24.8,38.2,144821,4.1,120.4,79.4,1,0,0,0,0,0,0
29950,15.8,27,36.1,17.4,22.9,19.9,3.6999999999999886,0,0,6712,122,43848,7.3,83.9,14.3,100,34.7,5.5,3.2,18.3,5.3,1.5,29.7,22.2,32.2,15.9,634060,2.8,115,54.3,0,0,0,1,0,0,0
5278,6.1,2.5,10.1,6.3,16.8,41.7,22.5,2.5999999999999943,0,18826,318,23488,73.4,6.8,49.4,67.9,45.9,61.9,20.1,20,22.4,1.2,15.5,21.8,23.7,39,323564,6.2,49.8,60.9,0,0,0,0,0,1,0
7025,4.5,0.2,3,3.2,15.2,20.2,28.5,17.8,12.1,32996,356,98584,100,0,35.7,79.4,81.4,55.1,33.1,47.4,24,4.4,11.8,18,40.2,30,214585,5.4,92.9,51.5,0,1,0,0,0,0,0
